,Sample_1,Sample_2,Sample_3,Mean_Expression,Max_Expression,Min_Expression,Expression_Range,Sample_4
Gene_A,5.2,4.8,5.5,5.166666666666667,5.5,4.8,0.7000000000000002,5.0
Gene_B,3.8,3.5,3.6,3.6333333333333333,3.8,3.5,0.2999999999999998,3.9
Gene_C,6.1,5.9,6.2,6.066666666666666,6.2,5.9,0.2999999999999998,6.0
Gene_D,4.5,4.2,4.8,4.5,4.8,4.2,0.5999999999999996,4.6
Gene_E,2.9,3.1,3.0,3.0,3.1,2.9,0.20000000000000018,2.8
